player_name,team_name,competitions,shots,matches,goals,xg,xg_diff,per_shot_overperf,floor_95ci,ceiling_95ci,reliably_positive
Gareth Frank Bale,Real Madrid,['La Liga'],81,21,19,8.68,10.32,0.1274,0.045,0.2141,True
Luis Alberto Suárez Díaz,Barcelona,['La Liga'],139,34,40,28.11,11.89,0.0855,0.0228,0.1496,True
James David Rodríguez Rubio,Real Madrid,['La Liga'],39,17,7,2.54,4.46,0.1144,0.0093,0.2329,True
Imanol Agirretxe Arruti,Real Sociedad,['La Liga'],45,14,13,7.85,5.15,0.1144,0.009,0.2228,True
Antoine Griezmann,Atlético Madrid,['La Liga'],92,34,22,13.75,8.25,0.0897,0.0065,0.1775,True
Karim Benzema,Real Madrid,['La Liga'],98,27,24,16.92,7.08,0.0722,0.0046,0.1442,True
Iñaki Williams Arthuer,Athletic Club,['La Liga'],45,20,8,3.63,4.37,0.097,0.0036,0.2005,True
Cédric Bakambu,Villarreal,['La Liga'],49,22,12,7.45,4.55,0.0928,-0.0002,0.1976,False
Mohammed Kudus,Ghana,"['African Cup of Nations', 'FIFA World Cup']",17,5,4,1.12,2.88,0.1693,-0.0003,0.3762,False
Jozabed Sánchez Ruiz,Rayo Vallecano,['La Liga'],45,22,9,4.63,4.37,0.0971,-0.0006,0.2059,False
Xherdan Shaqiri,Switzerland,"['FIFA World Cup', 'UEFA Euro']",27,8,5,1.7,3.3,0.1224,-0.0052,0.266,False
Daniel Parejo Muñoz,Valencia,['La Liga'],46,26,8,4.34,3.66,0.0797,-0.0098,0.1807,False
Fayçal Fajr,RC Deportivo La Coruña,['La Liga'],45,26,5,2.15,2.85,0.0633,-0.0115,0.1615,False
Julián Álvarez,Argentina,"['Copa America', 'FIFA World Cup']",21,10,7,3.67,3.33,0.1586,-0.0119,0.341,False
Mikel Oyarzabal Ugarte,Real Sociedad,['La Liga'],32,17,6,2.8,3.2,0.1,-0.0131,0.2268,False
Alexandra Popp,Germany Women's,"[""UEFA Women's Euro"", ""Women's World Cup""]",31,10,8,4.05,3.95,0.1276,-0.0132,0.2801,False
Rubén Rochina Naixes,Granada,['La Liga'],78,29,6,3.5,2.5,0.032,-0.017,0.0918,False
Adalberto Peñaranda Maestre,Granada,['La Liga'],22,16,5,2.01,2.99,0.136,-0.0183,0.3103,False
Cristiano Ronaldo dos Santos Aveiro,Real Madrid,['La Liga'],228,36,35,29.93,5.07,0.0222,-0.0186,0.0655,False
Manuel Agudo Durán,Celta Vigo,['La Liga'],81,25,12,8.12,3.88,0.0479,-0.0214,0.1279,False
Rubén Castro Martín,Real Betis,['La Liga'],103,35,19,15.1,3.9,0.0379,-0.0222,0.1026,False
Kylian Mbappé Lottin,France,"['FIFA World Cup', 'UEFA Euro']",55,16,13,9.08,3.92,0.0713,-0.0248,0.1767,False
Jesé Rodríguez Ruiz,Real Madrid,['La Liga'],21,14,5,2.41,2.59,0.1233,-0.0248,0.294,False
Lucas Pérez Martínez,RC Deportivo La Coruña,['La Liga'],98,34,17,13.96,3.04,0.031,-0.025,0.0947,False
Mubarak Wakaso,Las Palmas,['La Liga'],19,11,1,0.44,0.56,0.0296,-0.0258,0.1339,False
Ivan Rakitić,Barcelona,['La Liga'],44,25,7,4.45,2.55,0.058,-0.0261,0.1473,False
Youssef El-Arabi,Granada,['La Liga'],72,30,16,12.72,3.28,0.0455,-0.0287,0.1222,False
Patrik Schick,Czech Republic,['UEFA Euro'],16,4,5,2.31,2.69,0.1679,-0.0291,0.404,False
Willian José da Silva,Las Palmas,['La Liga'],54,21,9,6.48,2.52,0.0467,-0.0293,0.1321,False
Bruno Miguel Borges Fernandes,Portugal,"['FIFA World Cup', 'UEFA Euro']",15,6,2,1.06,0.94,0.0628,-0.0295,0.2164,False
Pablo Sarabia García,Getafe,['La Liga'],65,28,7,5.02,1.98,0.0305,-0.0297,0.0978,False
Emil Peter Forsberg,Sweden,"['FIFA World Cup', 'UEFA Euro']",29,9,5,2.64,2.36,0.0813,-0.0298,0.206,False
Juan Francisco Moreno Fuertes,RC Deportivo La Coruña,['La Liga'],20,14,1,0.49,0.51,0.0254,-0.0299,0.1249,False
Éver Maximiliano David Banega,Sevilla,['La Liga'],39,18,5,3.13,1.87,0.0479,-0.0307,0.1361,False
José Luis Morales Nogales,Levante UD,['La Liga'],72,33,7,5.12,1.88,0.0261,-0.0315,0.0901,False
Pedro Taunausú Domínguez Placeres,Las Palmas,['La Liga'],31,18,5,2.66,2.34,0.0754,-0.0315,0.2015,False
Tiago Manuel Dias Correia,Rayo Vallecano,['La Liga'],80,27,3,2.71,0.29,0.0036,-0.0323,0.0495,False
Federico Santiago Valverde Dipetta,Uruguay,"['Copa America', 'FIFA World Cup']",24,9,3,2.24,0.76,0.0317,-0.0324,0.1224,False
Ángel Martín Correa,Atlético Madrid,['La Liga'],30,16,5,2.84,2.16,0.0722,-0.0339,0.2016,False
Borja González Tomás,Eibar,['La Liga'],94,34,18,15.56,2.44,0.0259,-0.0348,0.096,False
Hakim Ziyech,Morocco,"['African Cup of Nations', 'FIFA World Cup']",27,13,3,1.94,1.06,0.0392,-0.0355,0.1382,False
Álvaro Cejudo Carmona,Real Betis,['La Liga'],36,20,1,1.16,-0.16,-0.0045,-0.0365,0.0537,False
Toni Kroos,Real Madrid,['La Liga'],20,18,1,0.78,0.22,0.0109,-0.0366,0.0984,False
Jorge Resurrección Merodio,Atlético Madrid,['La Liga'],42,28,5,3.13,1.87,0.0446,-0.0368,0.137,False
Fernando José Torres Sanz,Atlético Madrid,['La Liga'],57,25,11,8.8,2.2,0.0386,-0.037,0.1253,False
Federico Nicolás Cartabia,RC Deportivo La Coruña,['La Liga'],52,23,3,2.06,0.94,0.018,-0.0371,0.0859,False
Jonathan Rodríguez Menéndez,Sporting Gijón,['La Liga'],56,28,5,3.16,1.84,0.0328,-0.0371,0.1086,False
Lionel Andrés Messi Cuccittini,Barcelona,['La Liga'],158,32,26,23.55,2.45,0.0155,-0.0379,0.071,False
Sherida Spitse,Netherlands Women's,"[""UEFA Women's Euro"", ""Women's World Cup""]",19,10,0,0.5,-0.5,-0.0263,-0.0383,-0.0175,False
Harry Kane,England,"['FIFA World Cup', 'UEFA Euro']",44,17,14,11.08,2.92,0.0663,-0.0388,0.1763,False
Danilo Luiz da Silva,Real Madrid,['La Liga'],18,13,2,0.71,1.29,0.0717,-0.039,0.2339,False
Bruno Soriano Llido,Villarreal,['La Liga'],25,15,5,3.63,1.37,0.055,-0.0392,0.1681,False
Ivan Rakitić,Croatia,['FIFA World Cup'],17,7,3,2.53,0.47,0.0278,-0.0395,0.1139,False
Gabriel Fernández Arenas,Atlético Madrid,['La Liga'],17,12,1,0.51,0.49,0.0288,-0.0399,0.1533,False
Ander Capa Rodríguez,Eibar,['La Liga'],16,14,2,0.65,1.35,0.0842,-0.0401,0.2595,False
Jonathan Viera Ramos,Las Palmas,['La Liga'],88,33,10,9.33,0.67,0.0077,-0.0404,0.0616,False
Juan Manuel Vargas Risco,Real Betis,['La Liga'],18,11,2,0.65,1.35,0.0751,-0.041,0.2407,False
Ivan Perišić,Croatia,"['FIFA World Cup', 'UEFA Euro']",47,16,6,3.84,2.16,0.046,-0.0414,0.1437,False
Aritz Aduriz Zubeldia,Athletic Club,['La Liga'],96,31,20,17.19,2.81,0.0293,-0.0416,0.1048,False
Denis Suárez Fernández,Villarreal,['La Liga'],37,23,4,2.56,1.44,0.039,-0.0421,0.1428,False
Delphine Cascarino,France Women's,"[""UEFA Women's Euro"", ""Women's World Cup""]",15,8,1,0.53,0.47,0.0315,-0.0426,0.1696,False
Moisés Gómez Bordonado,Getafe,['La Liga'],16,12,2,1.39,0.61,0.038,-0.0429,0.1624,False
Saúl Ñíguez Esclapez,Atlético Madrid,['La Liga'],47,23,4,3.02,0.98,0.0208,-0.0441,0.1026,False
Cristiano Ronaldo dos Santos Aveiro,Portugal,"['FIFA World Cup', 'UEFA Euro']",48,13,10,8.52,1.48,0.0309,-0.0448,0.1158,False
Juan Pablo Añor Acosta,Málaga,['La Liga'],32,19,4,2.74,1.26,0.0392,-0.0454,0.1474,False
Iago Aspas Juncal,Celta Vigo,['La Liga'],82,31,14,12.7,1.3,0.0158,-0.0459,0.0843,False
Roberto José Rosales Altuve,Málaga,['La Liga'],18,12,0,0.61,-0.61,-0.0336,-0.0462,-0.0238,False
Rubén García Santos,Levante UD,['La Liga'],16,13,1,0.64,0.36,0.0225,-0.0474,0.151,False
Yannick Ferreira Carrasco,Atlético Madrid,['La Liga'],54,27,4,3.41,0.59,0.0109,-0.0481,0.0809,False
Markel Susaeta Laskurain,Athletic Club,['La Liga'],25,18,3,1.75,1.25,0.0502,-0.0485,0.1743,False
Federico Chiesa,Italy,['UEFA Euro'],16,5,2,0.74,1.26,0.0786,-0.0485,0.2609,False
Manuel Trigueros Muñoz,Villarreal,['La Liga'],30,17,2,1.4,0.6,0.0201,-0.0487,0.1159,False
Amandine Henry,France Women's,"[""Women's World Cup""]",16,5,2,0.97,1.03,0.0641,-0.049,0.225,False
Hernán Arsenio Pérez González,Espanyol,['La Liga'],47,24,7,5.03,1.97,0.0419,-0.0492,0.146,False
Luis Gerardo Chávez Magallón,Mexico,"['Copa America', 'FIFA World Cup']",17,5,1,0.59,0.41,0.0243,-0.0495,0.1509,False
José Ignacio Martínez García,Rayo Vallecano,['La Liga'],15,10,0,0.57,-0.57,-0.0379,-0.0505,-0.0272,False
Luis Alberto Romero Alconchel,RC Deportivo La Coruña,['La Liga'],79,28,6,6.25,-0.25,-0.0032,-0.0522,0.0581,False
Jennifer Hermoso Fuentes,Spain Women's,"[""Women's World Cup""]",17,4,3,2.31,0.69,0.0408,-0.0524,0.1777,False
Raúl García Escudero,Athletic Club,['La Liga'],78,28,7,6.7,0.3,0.0039,-0.0528,0.0666,False
Gonzalo Castro Irizábal,Málaga,['La Liga'],19,10,1,0.91,0.09,0.0046,-0.0539,0.111,False
Isaac Ajayi Success,Granada,['La Liga'],57,27,6,5.15,0.85,0.015,-0.0541,0.0929,False
Sergio Enrich Ametller,Eibar,['La Liga'],44,24,9,6.77,2.23,0.0506,-0.0543,0.1662,False
Samantha June Mewis,United States Women's,"[""Women's World Cup""]",16,5,2,1.07,0.93,0.0581,-0.0546,0.217,False
Lucas Vázquez Iglesias,Real Madrid,['La Liga'],24,13,4,2.03,1.97,0.082,-0.0546,0.2423,False
Beñat Etxebarria Urkiaga,Athletic Club,['La Liga'],30,19,1,1.39,-0.39,-0.0131,-0.0551,0.0592,False
André Filipe Tavares Gomes,Valencia,['La Liga'],42,25,3,2.45,0.55,0.0131,-0.0553,0.0979,False
Deyverson Brum Silva Acosta,Levante UD,['La Liga'],72,27,9,8.04,0.96,0.0134,-0.0555,0.0874,False
Charles Días Barbosa de Oliveira,Málaga,['La Liga'],86,32,12,11.46,0.54,0.0063,-0.0561,0.0762,False
Haris Seferović,Switzerland,"['FIFA World Cup', 'UEFA Euro']",15,6,3,1.34,1.66,0.1104,-0.0561,0.3113,False
José Antonio García Rabasco,Levante UD,['La Liga'],25,18,2,1.98,0.02,0.0008,-0.0561,0.0938,False
Alhassane Bangoura,Rayo Vallecano,['La Liga'],18,12,0,0.72,-0.72,-0.0401,-0.0562,-0.0265,False
Fabián Ariel Orellana Valenzuela,Celta Vigo,['La Liga'],77,30,7,7.83,-0.83,-0.0108,-0.0565,0.0406,False
Asier Illarramendi Andonegi,Real Sociedad,['La Liga'],22,17,1,1.3,-0.3,-0.0134,-0.0573,0.0595,False
Luka Modrić,Real Madrid,['La Liga'],35,22,2,1.86,0.14,0.004,-0.0574,0.0927,False
Paul Pogba,France,"['FIFA World Cup', 'UEFA Euro']",16,10,3,1.59,1.41,0.0878,-0.0574,0.2563,False
Lorenzo Insigne,Italy,['UEFA Euro'],19,5,2,1.32,0.68,0.0358,-0.0585,0.1703,False
Giuseppe Rossi,Levante UD,['La Liga'],33,14,6,4.23,1.77,0.0536,-0.0586,0.1904,False
Luka Modrić,Croatia,"['FIFA World Cup', 'UEFA Euro']",22,13,6,4.2,1.8,0.0817,-0.0587,0.223,False
Neymar da Silva Santos Junior,Barcelona,['La Liga'],123,34,24,24.78,-0.78,-0.0063,-0.0595,0.054,False
John Guidetti,Celta Vigo,['La Liga'],33,20,7,5.45,1.55,0.0469,-0.0596,0.1684,False
Sergio Gontán Gallardo,Eibar,['La Liga'],36,20,3,2.59,0.41,0.0114,-0.0598,0.0969,False
Nabil El Zhar,Las Palmas,['La Liga'],28,15,2,1.85,0.15,0.0055,-0.0599,0.1001,False
Javier Márquez Moreno,Granada,['La Liga'],22,14,0,1.04,-1.04,-0.0472,-0.0605,-0.0348,False
Roque Mesa Quevedo,Las Palmas,['La Liga'],33,18,1,1.75,-0.75,-0.0229,-0.0609,0.0308,False
Pablo Hernández Domínguez,Rayo Vallecano,['La Liga'],35,18,3,2.3,0.7,0.0201,-0.0609,0.1188,False
Toni Kroos,Germany,"['FIFA World Cup', 'UEFA Euro']",20,6,1,1.02,-0.02,-0.0008,-0.0611,0.1079,False
Yevhen Konoplyanka,Sevilla,['La Liga'],51,22,4,3.94,0.06,0.0012,-0.0615,0.0784,False
Sergio Canales Madrazo,Real Sociedad,['La Liga'],24,12,0,1.04,-1.04,-0.0433,-0.0616,-0.0277,False
Javier Guerra Rodríguez,Rayo Vallecano,['La Liga'],71,23,12,10.92,1.08,0.0152,-0.0616,0.0948,False
Antoine Griezmann,France,"['FIFA World Cup', 'UEFA Euro']",35,13,5,4.83,0.17,0.0048,-0.0616,0.0875,False
Fridolina Rolfö,Sweden Women's,"[""UEFA Women's Euro"", ""Women's World Cup""]",28,9,2,1.92,0.08,0.0027,-0.0617,0.1008,False
Marcelo Vieira da Silva Júnior,Real Madrid,['La Liga'],20,14,2,1.33,0.67,0.0336,-0.0621,0.1638,False
Wahbi Khazri,Tunisia,['FIFA World Cup'],17,5,3,2.1,0.9,0.053,-0.0624,0.2026,False
Kevin De Bruyne,Belgium,"['FIFA World Cup', 'UEFA Euro']",24,11,2,1.35,0.65,0.0272,-0.0629,0.1538,False
Samuel Castillejo Azuaga,Villarreal,['La Liga'],25,17,1,1.37,-0.37,-0.0149,-0.0635,0.065,False
Daniel Ceballos Fernández,Real Betis,['La Liga'],17,12,0,0.85,-0.85,-0.0498,-0.0636,-0.0367,False
Papa Kouly Diop,Espanyol,['La Liga'],22,17,3,1.39,1.61,0.0733,-0.0645,0.2361,False
Adrián González Morales,Eibar,['La Liga'],47,19,5,4.61,0.39,0.0082,-0.0648,0.0896,False
Bethany Mead,England Women's,"[""UEFA Women's Euro"", ""Women's World Cup""]",18,7,6,3.79,2.21,0.123,-0.065,0.3325,False
Wanderson Maciel Sousa Campos,Getafe,['La Liga'],24,15,0,1.19,-1.19,-0.0497,-0.0652,-0.036,False
Alexandra Morgan Carrasco,United States Women's,"[""Women's World Cup""]",20,5,6,3.64,2.36,0.1181,-0.0652,0.3068,False
Harry Maguire,England,"['FIFA World Cup', 'UEFA Euro']",26,13,3,2.4,0.6,0.0232,-0.0653,0.1407,False
Heung-Min Son,South Korea,['FIFA World Cup'],23,6,2,1.78,0.22,0.0098,-0.0657,0.1252,False
Carlos Castro García,Sporting Gijón,['La Liga'],25,14,7,4.72,2.28,0.091,-0.0658,0.2651,False
Alen Halilović,Sporting Gijón,['La Liga'],59,28,3,4.34,-1.34,-0.0228,-0.0658,0.0295,False
Alejandro Menéndez Díez,Sporting Gijón,['La Liga'],18,9,2,1.11,0.89,0.0494,-0.0663,0.2071,False
Adrián Embarba Blázquez,Rayo Vallecano,['La Liga'],40,19,2,3.08,-1.08,-0.027,-0.0672,0.0231,False
Ángel Lafita Castillo,Getafe,['La Liga'],28,14,3,1.9,1.1,0.0393,-0.0673,0.1738,False
Víctor Camarasa Ferrando,Levante UD,['La Liga'],28,18,2,2.22,-0.22,-0.0079,-0.0679,0.0761,False
Carlos Henrique Casimiro,Real Madrid,['La Liga'],20,10,1,1.04,-0.04,-0.002,-0.0681,0.1023,False
Arnaldo Antonio Sanabria Ayala,Sporting Gijón,['La Liga'],52,22,11,10.06,0.94,0.0181,-0.0685,0.118,False
Francisco Alcácer García,Valencia,['La Liga'],63,29,13,12.05,0.95,0.015,-0.0685,0.1016,False
Sabin Merino Zuloaga,Athletic Club,['La Liga'],27,14,5,3.49,1.51,0.0559,-0.0686,0.2019,False
Christian Pulisic,United States,"['Copa America', 'FIFA World Cup']",16,5,2,1.4,0.6,0.0376,-0.0692,0.1971,False
Germán Alejandro Pezzella,Real Betis,['La Liga'],17,12,3,1.75,1.25,0.0733,-0.0695,0.2499,False
Hirving Rodrigo Lozano Bahena,Mexico,['FIFA World Cup'],18,7,1,1.02,-0.02,-0.0011,-0.0695,0.1055,False
Eugénie Le Sommer,France Women's,"[""Women's World Cup""]",17,5,2,2.06,-0.06,-0.0034,-0.0696,0.0872,False
Gonzalo Escalante,Eibar,['La Liga'],24,18,3,2.28,0.72,0.03,-0.0698,0.1532,False
José Salomón Rondón Giménez,Venezuela,['Copa America'],19,4,4,3.04,0.96,0.0505,-0.0702,0.2078,False
Gerard Moreno Balaguero,Espanyol,['La Liga'],54,26,7,7.22,-0.22,-0.004,-0.0708,0.0743,False
Francisco Román Alarcón Suárez,Real Madrid,['La Liga'],42,22,3,3.76,-0.76,-0.0182,-0.0712,0.0474,False
Íñigo Martínez Berridi,Real Sociedad,['La Liga'],16,11,1,1.13,-0.13,-0.008,-0.0713,0.1033,False
Mario Gaspar Pérez Martínez,Villarreal,['La Liga'],33,21,2,2.02,-0.02,-0.0005,-0.0713,0.0875,False
Vicente Iborra De La Fuente,Sevilla,['La Liga'],32,18,7,5.73,1.27,0.0397,-0.0717,0.1583,False
Rubén Salvador Pérez Del Mármol,Granada,['La Liga'],17,12,0,0.63,-0.63,-0.0368,-0.0719,-0.0167,False
Ignacio Cases Mora,Sporting Gijón,['La Liga'],22,13,1,1.31,-0.31,-0.0139,-0.0719,0.0824,False
Ellen White,England Women's,"[""UEFA Women's Euro"", ""Women's World Cup""]",33,11,8,6.52,1.48,0.045,-0.072,0.1737,False
Joaquín José Marín Ruiz,Rayo Vallecano,['La Liga'],18,14,0,0.86,-0.86,-0.048,-0.0724,-0.028,False
Daniel Alves da Silva,Barcelona,['La Liga'],16,10,0,0.71,-0.71,-0.0446,-0.0726,-0.0223,False
Takashi Inui,Eibar,['La Liga'],36,20,3,2.6,0.4,0.011,-0.0736,0.1181,False
Álvaro Medrán Just,Getafe,['La Liga'],31,13,2,2.01,-0.01,-0.0004,-0.0737,0.1042,False
Caroline Graham Hansen,Norway Women's,"[""UEFA Women's Euro"", ""Women's World Cup""]",22,7,3,3.45,-0.45,-0.0207,-0.0739,0.0409,False
Luis Alberto Suárez Díaz,Uruguay,"['Copa America', 'FIFA World Cup']",22,9,4,2.96,1.04,0.0472,-0.0744,0.181,False
Kai Havertz,Germany,"['FIFA World Cup', 'UEFA Euro']",16,5,4,2.7,1.3,0.0814,-0.0748,0.2487,False
Roberto Trashorras Gayoso,Rayo Vallecano,['La Liga'],33,22,3,3.13,-0.13,-0.0039,-0.0748,0.0766,False
Víctor Rodríguez Romero,Getafe,['La Liga'],45,20,2,3.69,-1.69,-0.0375,-0.0753,0.0152,False
Danilo Barbosa da Silva,Valencia,['La Liga'],16,9,0,0.71,-0.71,-0.0444,-0.076,-0.0233,False
Kevin Gameiro,Sevilla,['La Liga'],73,26,16,15.77,0.23,0.0031,-0.0766,0.0873,False
Jefferson Andrés Lerma Solís,Levante UD,['La Liga'],37,24,1,2.2,-1.2,-0.0324,-0.0769,0.0251,False
Francisco Manuel Rico Castro,Granada,['La Liga'],15,11,2,1.42,0.58,0.0388,-0.0772,0.1936,False
Shkodran Mustafi,Valencia,['La Liga'],24,15,2,1.92,0.08,0.0034,-0.0775,0.1144,False
Andrej Kramarić,Croatia,"['FIFA World Cup', 'UEFA Euro']",26,11,4,3.42,0.58,0.0222,-0.0779,0.1463,False
Giulia Gwinn,Germany Women's,"[""UEFA Women's Euro"", ""Women's World Cup""]",15,8,1,0.92,0.08,0.0055,-0.0781,0.1507,False
Sergio Ramos García,Real Madrid,['La Liga'],19,12,2,1.43,0.57,0.0299,-0.0786,0.1799,False
Jonathan dos Santos Ramírez,Villarreal,['La Liga'],17,11,0,0.93,-0.93,-0.0549,-0.0807,-0.0332,False
Roberto Soldado Rillo,Villarreal,['La Liga'],41,22,5,4.69,0.31,0.0075,-0.082,0.1134,False
Armindo Tué Na Bangna,Real Sociedad,['La Liga'],48,22,2,3.35,-1.35,-0.0282,-0.0824,0.0389,False
Steven N''Kemboanza Mike Christopher Nzonzi,Sevilla,['La Liga'],19,13,3,2.4,0.6,0.0318,-0.0824,0.1779,False
Lionel Andrés Messi Cuccittini,Argentina,"['Copa America', 'FIFA World Cup']",66,16,11,11.81,-0.81,-0.0123,-0.0831,0.0568,False
Diego Javier Llorente Ríos,Rayo Vallecano,['La Liga'],15,12,2,1.35,0.65,0.0433,-0.0833,0.222,False
Xabier Prieto Argarate,Real Sociedad,['La Liga'],18,14,3,2.22,0.78,0.0433,-0.0835,0.1992,False
Jonathas Cristian de Jesus,Real Sociedad,['La Liga'],58,21,7,7.67,-0.67,-0.0116,-0.0835,0.0724,False
Georgia Stanway,England Women's,"[""UEFA Women's Euro"", ""Women's World Cup""]",23,9,2,2.25,-0.25,-0.0109,-0.0846,0.0887,False
Philippe Coutinho Correia,Brazil,['FIFA World Cup'],23,5,2,2.02,-0.02,-0.001,-0.0848,0.1212,False
Klara Bühl,Germany Women's,"[""UEFA Women's Euro"", ""Women's World Cup""]",16,6,1,1.02,-0.02,-0.0014,-0.085,0.1308,False
Felipe Salvador Caicedo Corozo,Espanyol,['La Liga'],42,21,8,7.27,0.73,0.0174,-0.0851,0.1283,False
Alejandro Bergantiños García,RC Deportivo La Coruña,['La Liga'],16,11,2,1.2,0.8,0.0498,-0.0852,0.2357,False
Ignacio Camacho Barnola,Málaga,['La Liga'],24,15,2,1.8,0.2,0.0085,-0.0852,0.1403,False
Daniel Wass,Celta Vigo,['La Liga'],49,26,2,3.81,-1.81,-0.0368,-0.0861,0.0205,False
Leonardo Carrilho Baptistão,Villarreal,['La Liga'],32,18,3,2.77,0.23,0.0072,-0.0864,0.1183,False
Santiago Mina Lorenzo,Valencia,['La Liga'],24,15,4,3.06,0.94,0.0392,-0.0869,0.1852,False
Pedro Pablo Hernández,Celta Vigo,['La Liga'],27,17,2,1.99,0.01,0.0004,-0.0872,0.1114,False
Pablo Fornals Malla,Málaga,['La Liga'],22,14,1,1.53,-0.53,-0.024,-0.0873,0.074,False
Pedro Bigas Rigo,Las Palmas,['La Liga'],15,12,3,1.62,1.38,0.0917,-0.0883,0.2886,False
Iker Muniain Goñi,Athletic Club,['La Liga'],23,12,2,2.47,-0.47,-0.0206,-0.0887,0.0715,False
Saúl Berjón Pérez,Eibar,['La Liga'],34,19,4,4.78,-0.78,-0.0228,-0.0894,0.0387,False
Ismael López Blanco,Sporting Gijón,['La Liga'],19,13,2,1.9,0.1,0.0051,-0.0894,0.129,False
Sergi Roberto Carnicer,Barcelona,['La Liga'],16,13,0,1.09,-1.09,-0.0679,-0.0897,-0.0488,False
Ángel Fabián Di María Hernández,Argentina,"['Copa America', 'FIFA World Cup']",17,9,2,1.48,0.52,0.0304,-0.0906,0.1976,False
Serge Gnabry,Germany,"['FIFA World Cup', 'UEFA Euro']",16,6,1,1.21,-0.21,-0.0132,-0.0906,0.1134,False
José Luis García del Pozo,Málaga,['La Liga'],36,23,0,2.19,-2.19,-0.0608,-0.091,-0.0383,False
Rubén Pardo Gutiérrez,Real Sociedad,['La Liga'],37,17,0,2.35,-2.35,-0.0634,-0.0911,-0.0421,False
Lautaro Javier Martínez,Argentina,"['Copa America', 'FIFA World Cup']",26,11,6,5.38,0.62,0.0237,-0.0911,0.1683,False
Duje Čop,Málaga,['La Liga'],49,26,7,7.66,-0.66,-0.0135,-0.0912,0.0709,False
Seko Fofana,Côte d'Ivoire,['African Cup of Nations'],17,6,1,1.14,-0.14,-0.0085,-0.0913,0.119,False
Adnane Tighadouini,Málaga,['La Liga'],15,7,1,0.99,0.01,0.0005,-0.0926,0.1465,False
Lina Magull,Germany Women's,"[""UEFA Women's Euro"", ""Women's World Cup""]",23,8,5,3.84,1.16,0.0505,-0.0927,0.2079,False
Eden Hazard,Belgium,"['FIFA World Cup', 'UEFA Euro']",24,9,3,3.49,-0.49,-0.0203,-0.0946,0.0699,False
Juan Antonio Rodríguez Villamuela,Getafe,['La Liga'],19,16,0,1.38,-1.38,-0.0725,-0.0947,-0.0516,False
Sergio Ezequiel Araújo,Las Palmas,['La Liga'],61,26,5,7.14,-2.14,-0.0351,-0.0947,0.0354,False
Olivier Giroud,France,"['FIFA World Cup', 'UEFA Euro']",35,12,5,5.25,-0.25,-0.007,-0.095,0.0984,False
Jackson Arley Martínez Valencia,Atlético Madrid,['La Liga'],26,12,2,2.43,-0.43,-0.0163,-0.0951,0.0902,False
Pedro Mosquera Parada,RC Deportivo La Coruña,['La Liga'],30,19,0,1.54,-1.54,-0.0515,-0.0955,-0.025,False
Bruno González Cabrera,Real Betis,['La Liga'],17,14,0,1.31,-1.31,-0.0773,-0.0958,-0.0609,False
José Antonio Reyes Calderón,Sevilla,['La Liga'],23,15,1,1.97,-0.97,-0.0423,-0.0965,0.0415,False
Heiko Westermann,Real Betis,['La Liga'],15,10,1,1.3,-0.3,-0.02,-0.0966,0.1114,False
Edinson Roberto Cavani Gómez,Uruguay,['FIFA World Cup'],19,6,3,2.68,0.32,0.0169,-0.0973,0.158,False
Stefan Šćepović,Getafe,['La Liga'],30,18,6,5.48,0.52,0.0173,-0.0979,0.1533,False
Barbara Bonansea,Italy Women's,"[""UEFA Women's Euro"", ""Women's World Cup""]",20,7,2,1.85,0.15,0.0073,-0.098,0.1453,False
Pedro León Sánchez Gil,Getafe,['La Liga'],44,21,2,3.67,-1.67,-0.0379,-0.098,0.0318,False
Romelu Lukaku Menama,Belgium,"['FIFA World Cup', 'UEFA Euro']",32,10,8,7.4,0.6,0.0186,-0.0985,0.1537,False
Kosovare Asllani,Sweden Women's,"[""UEFA Women's Euro"", ""Women's World Cup""]",28,10,4,4.06,-0.06,-0.002,-0.0986,0.1134,False
Sara Däbritz,Germany Women's,"[""UEFA Women's Euro"", ""Women's World Cup""]",31,10,3,4.04,-1.04,-0.0337,-0.0992,0.0453,False
Marco Asensio Willemsen,Espanyol,['La Liga'],59,23,4,6.38,-2.38,-0.0404,-0.1008,0.0295,False
Oriol Riera Magem,RC Deportivo La Coruña,['La Liga'],24,12,2,2.71,-0.71,-0.0296,-0.1008,0.0635,False
Álvaro Negredo Sánchez,Valencia,['La Liga'],39,18,5,5.18,-0.18,-0.0047,-0.1011,0.101,False
Carlos Alberto Vela Garrido,Real Sociedad,['La Liga'],61,29,5,7.62,-2.62,-0.0429,-0.1019,0.0255,False
Youssef Msakni,Tunisia,"['African Cup of Nations', 'FIFA World Cup']",15,4,0,1.16,-1.16,-0.0776,-0.1026,-0.0546,False
Svenja Huth,Germany Women's,"[""UEFA Women's Euro"", ""Women's World Cup""]",19,11,0,1.32,-1.32,-0.0694,-0.1049,-0.0452,False
Ricardo Jorge Luz Horta,Málaga,['La Liga'],18,10,0,1.28,-1.28,-0.0709,-0.1065,-0.0406,False
Rodrigo Moreno Machado,Valencia,['La Liga'],38,19,2,4.03,-2.03,-0.0534,-0.1071,0.0087,False
Eva Sofia Jakobsson,Sweden Women's,"[""UEFA Women's Euro"", ""Women's World Cup""]",15,6,2,1.54,0.46,0.0304,-0.1073,0.2188,False
Álvaro Borja Morata Martín,Spain,"['FIFA World Cup', 'UEFA Euro']",27,9,6,4.93,1.07,0.0397,-0.1075,0.1969,False
Joaquín Sánchez Rodríguez,Real Betis,['La Liga'],29,18,1,2.64,-1.64,-0.0564,-0.1077,0.0019,False
Jonathan David,Canada,"['Copa America', 'FIFA World Cup']",18,8,4,3.49,0.51,0.0283,-0.1085,0.1996,False
Youssef En-Nesyri,Morocco,"['African Cup of Nations', 'FIFA World Cup']",20,8,4,3.1,0.9,0.0451,-0.1087,0.2278,False
Raúl Albentosa Redal,Málaga,['La Liga'],17,10,2,1.81,0.19,0.0112,-0.1099,0.1742,False
Juan Carlos Pérez López,Málaga,['La Liga'],15,12,1,1.21,-0.21,-0.014,-0.11,0.1375,False
Raphael Dias Belloli,Brazil,"['Copa America', 'FIFA World Cup']",16,7,1,1.27,-0.27,-0.0168,-0.1111,0.1301,False
Celso Borges Mora,RC Deportivo La Coruña,['La Liga'],20,15,3,2.71,0.29,0.0144,-0.1119,0.1621,False
Alfred John Momar N''Diaye,Real Betis,['La Liga'],26,16,2,3.14,-1.14,-0.0439,-0.112,0.0577,False
Sofiane Feghouli,Valencia,['La Liga'],24,11,1,2.63,-1.63,-0.068,-0.1122,-0.0208,False
Nicolás Ladislao Fedor Flores,Rayo Vallecano,['La Liga'],42,15,9,8.81,0.19,0.0046,-0.1135,0.1241,False
Kadidiatou Diani,France Women's,"[""UEFA Women's Euro"", ""Women's World Cup""]",24,9,1,2.45,-1.45,-0.0602,-0.1136,0.0128,False
Luciano Vietto,Atlético Madrid,['La Liga'],25,12,1,2.95,-1.95,-0.0778,-0.1163,-0.0235,False
Carlos Carmona Bonet,Sporting Gijón,['La Liga'],15,10,2,2.1,-0.1,-0.007,-0.1164,0.1338,False
Wendie Renard,France Women's,"[""UEFA Women's Euro"", ""Women's World Cup""]",23,8,4,3.44,0.56,0.0245,-0.1164,0.1905,False
Aymeric Laporte,Athletic Club,['La Liga'],20,14,3,3.24,-0.24,-0.0119,-0.1165,0.1175,False
David Zurutuza Veillet,Real Sociedad,['La Liga'],19,10,1,1.61,-0.61,-0.032,-0.1174,0.1035,False
Breel-Donald Embolo,Switzerland,"['FIFA World Cup', 'UEFA Euro']",21,9,3,2.93,0.07,0.0033,-0.1183,0.1403,False
Víctor Sánchez Mata,Espanyol,['La Liga'],24,17,1,2.19,-1.19,-0.0494,-0.1186,0.0494,False
Jorge Andújar Moreno,Sevilla,['La Liga'],32,15,1,3.07,-2.07,-0.0648,-0.1187,0.0171,False
Fernando Llorente Torres,Sevilla,['La Liga'],31,15,4,4.83,-0.83,-0.0268,-0.1191,0.0918,False
Daniel Olmo Carvajal,Spain,"['FIFA World Cup', 'UEFA Euro']",36,9,2,4.27,-2.27,-0.063,-0.12,-0.0055,False
Markel Bergara Larrañaga,Real Sociedad,['La Liga'],15,9,1,1.32,-0.32,-0.0213,-0.1203,0.1299,False
Jesse Lingard,England,['FIFA World Cup'],16,6,1,1.28,-0.28,-0.0176,-0.1204,0.1283,False
Jorge Franco Alviz,Espanyol,['La Liga'],30,16,1,2.52,-1.52,-0.0507,-0.1208,0.0313,False
Vivianne Miedema,Netherlands Women's,"[""UEFA Women's Euro"", ""Women's World Cup""]",27,8,3,3.39,-0.39,-0.0143,-0.1213,0.1252,False
Miguel Ángel Guerrero Martín,Sporting Gijón,['La Liga'],22,11,2,2.37,-0.37,-0.0166,-0.1213,0.1052,False
Álvaro González Soberón,Espanyol,['La Liga'],18,14,0,1.5,-1.5,-0.0833,-0.1215,-0.0578,False
Mikel San José Domínguez,Athletic Club,['La Liga'],26,17,2,2.6,-0.6,-0.0232,-0.1226,0.0933,False
Andrés Iniesta Luján,Barcelona,['La Liga'],23,16,1,1.91,-0.91,-0.0395,-0.1232,0.0718,False
Víctor Machín Pérez,Sevilla,['La Liga'],24,15,2,3.22,-1.22,-0.0508,-0.1236,0.046,False
Jerónimo Figueroa Cabrera,Las Palmas,['La Liga'],16,11,0,1.17,-1.17,-0.0729,-0.1241,-0.0353,False
Nabil Ghilas,Levante UD,['La Liga'],21,11,0,1.84,-1.84,-0.0877,-0.1242,-0.0606,False
Théo Bongonda Mbul''Ofeko Batombo,Celta Vigo,['La Liga'],19,9,2,2.16,-0.16,-0.0084,-0.1243,0.138,False
Domenico Berardi,Italy,['UEFA Euro'],15,5,1,1.97,-0.97,-0.0649,-0.1244,0.0035,False
Robert Lewandowski,Poland,"['FIFA World Cup', 'UEFA Euro']",33,9,5,5.72,-0.72,-0.0219,-0.1245,0.0938,False
Michael Krohn-Dehli,Sevilla,['La Liga'],25,14,1,2.42,-1.42,-0.0568,-0.1249,0.0221,False
Martin Braithwaite Christensen,Denmark,"['FIFA World Cup', 'UEFA Euro']",21,9,1,2.1,-1.1,-0.0525,-0.1251,0.0571,False
Aritz Elustondo Irribaria,Real Sociedad,['La Liga'],16,12,1,1.54,-0.54,-0.0341,-0.1252,0.0876,False
Roger Martí Salvador,Levante UD,['La Liga'],21,11,0,1.96,-1.96,-0.0934,-0.1256,-0.0638,False
Memphis Depay,Netherlands,"['FIFA World Cup', 'UEFA Euro']",22,7,3,3.27,-0.27,-0.0122,-0.1258,0.12,False
Aleksandar Mitrović,Serbia,['FIFA World Cup'],26,5,3,3.91,-0.91,-0.0348,-0.126,0.0702,False
Jonathan Javier Rodríguez Portillo,RC Deportivo La Coruña,['La Liga'],19,9,0,1.57,-1.57,-0.0828,-0.1265,-0.0459,False
Raheem Sterling,England,"['FIFA World Cup', 'UEFA Euro']",26,12,4,4.42,-0.42,-0.0162,-0.1285,0.1056,False
Álvaro Vázquez García,Getafe,['La Liga'],48,25,5,7.42,-2.42,-0.0504,-0.1287,0.0394,False
Ciro Immobile,Italy,['UEFA Euro'],18,6,2,2.34,-0.34,-0.0191,-0.129,0.1322,False
Darwin Gabriel Núñez Ribeiro,Uruguay,"['Copa America', 'FIFA World Cup']",24,9,2,2.78,-0.78,-0.0323,-0.1296,0.098,False
Grzegorz Krychowiak,Sevilla,['La Liga'],22,14,0,2.07,-2.07,-0.0942,-0.1313,-0.0619,False
Alberto Mateus Contreiras Gonçalves,Rayo Vallecano,['La Liga'],25,17,4,4.63,-0.63,-0.0252,-0.1316,0.096,False
Lieke Martens,Netherlands Women's,"[""UEFA Women's Euro"", ""Women's World Cup""]",17,6,2,2.33,-0.33,-0.0192,-0.1322,0.1189,False
Yoane Wissa,Congo DR,['African Cup of Nations'],21,6,3,4.07,-1.07,-0.051,-0.1346,0.0295,False
Daniel García Carrillo,Eibar,['La Liga'],20,13,0,1.31,-1.31,-0.0654,-0.1349,-0.027,False
Victor James Osimhen,Nigeria,['African Cup of Nations'],24,6,1,3.03,-2.03,-0.0847,-0.1373,-0.0132,False
María Francesca Caldentey Oliver,Spain Women's,"[""UEFA Women's Euro"", ""Women's World Cup""]",19,7,1,2.39,-1.39,-0.0731,-0.1382,-0.0137,False
Neymar da Silva Santos Junior,Brazil,['FIFA World Cup'],39,8,4,6.73,-2.73,-0.0701,-0.1385,0.0017,False
Teboho Mokoena,South Africa,['African Cup of Nations'],22,7,3,3.31,-0.31,-0.0141,-0.1389,0.1256,False
Ante Rebić,Croatia,"['FIFA World Cup', 'UEFA Euro']",20,9,1,1.9,-0.9,-0.0449,-0.1397,0.0793,False
Marcus Rashford,England,"['FIFA World Cup', 'UEFA Euro']",18,9,4,3.43,0.57,0.0319,-0.1397,0.2232,False
Diego Roberto Godín Leal,Atlético Madrid,['La Liga'],26,16,1,3.28,-2.28,-0.0876,-0.1405,-0.0182,False
Nordin Amrabat,Málaga,['La Liga'],28,11,0,2.51,-2.51,-0.0896,-0.1439,-0.0525,False
Ismaïla Sarr,Senegal,"['African Cup of Nations', 'FIFA World Cup']",20,10,2,2.85,-0.85,-0.0423,-0.1442,0.0838,False
Mostafa Mohamed Ahmed Abdallah,Egypt,['African Cup of Nations'],15,4,4,3.32,0.68,0.0453,-0.1464,0.2507,False
Christian Dannemann Eriksen,Denmark,"['FIFA World Cup', 'UEFA Euro']",18,8,1,1.56,-0.56,-0.0309,-0.1467,0.099,False
Sérgio Paulo Barbosa Valente,Málaga,['La Liga'],23,15,1,2.19,-1.19,-0.0518,-0.1473,0.0573,False
Adil Rami,Sevilla,['La Liga'],16,11,0,1.88,-1.88,-0.1176,-0.151,-0.0869,False
Munir El Haddadi Mohamed,Barcelona,['La Liga'],17,11,3,3.51,-0.51,-0.0302,-0.1527,0.1138,False
Tiago Manuel Dias Correia,Cape Verde Islands,['African Cup of Nations'],17,4,1,1.52,-0.52,-0.0307,-0.1588,0.1304,False
John Stones,England,"['FIFA World Cup', 'UEFA Euro']",15,10,2,2.35,-0.35,-0.0234,-0.1596,0.1483,False
Samantha May Kerr,Australia Women's,"[""Women's World Cup""]",20,4,5,4.86,0.14,0.007,-0.1635,0.1916,False
Enzo Fernandez,Argentina,"['Copa America', 'FIFA World Cup']",15,10,1,1.45,-0.45,-0.0301,-0.1771,0.1556,False
Pablo Pérez Rodríguez,Sporting Gijón,['La Liga'],18,10,0,2.12,-2.12,-0.118,-0.1778,-0.0707,False
David Barral Torres,Granada,['La Liga'],17,10,0,2.13,-2.13,-0.1252,-0.1813,-0.0795,False
Lucas Tolentino Coelho de Lima,Brazil,"['Copa America', 'FIFA World Cup']",15,5,2,2.6,-0.6,-0.0397,-0.1912,0.1389,False
Emma Stina Blackstenius,Sweden Women's,"[""UEFA Women's Euro"", ""Women's World Cup""]",31,10,3,6.18,-3.18,-0.1024,-0.1994,0.0105,False
Janine Elizabeth Sonis,Canada Women's,"[""Women's World Cup""]",17,4,0,1.76,-1.76,-0.1034,-0.2001,-0.0309,False
Gerard Moreno Balaguero,Spain,['UEFA Euro'],18,5,2,3.83,-1.83,-0.1018,-0.2028,-0.0054,False
Abraham González Casanova,Espanyol,['La Liga'],16,9,1,2.39,-1.39,-0.087,-0.2094,0.0567,False
Rodrygo Silva de Goes,Brazil,"['Copa America', 'FIFA World Cup']",17,7,0,2.21,-2.21,-0.1297,-0.212,-0.0728,False
Carli Anne Hollins,United States Women's,"[""Women's World Cup""]",17,4,3,3.3,-0.3,-0.0179,-0.2258,0.1982,False
Ricky van Wolfswinkel,Real Betis,['La Liga'],15,9,1,2.7,-1.7,-0.1135,-0.2325,0.0324,False
Marcus Berg,Sweden,"['FIFA World Cup', 'UEFA Euro']",17,7,0,3.44,-3.44,-0.2023,-0.2812,-0.1268,False
